-- MySQL dump 10.13  Distrib 5.7.24, for Linux (x86_64)
--
-- Host: localhost    Database: elluck91_library
-- ------------------------------------------------------
-- Server version	5.7.24-0ubuntu0.18.04.1

/*!40101 SET @OLD_CHARACTER_SET_CLIENT=@@CHARACTER_SET_CLIENT */;
/*!40101 SET @OLD_CHARACTER_SET_RESULTS=@@CHARACTER_SET_RESULTS */;
/*!40101 SET @OLD_COLLATION_CONNECTION=@@COLLATION_CONNECTION */;
/*!40101 SET NAMES utf8 */;
/*!40103 SET @OLD_TIME_ZONE=@@TIME_ZONE */;
/*!40103 SET TIME_ZONE='+00:00' */;
/*!40014 SET @OLD_UNIQUE_CHECKS=@@UNIQUE_CHECKS, UNIQUE_CHECKS=0 */;
/*!40014 SET @OLD_FOREIGN_KEY_CHECKS=@@FOREIGN_KEY_CHECKS, FOREIGN_KEY_CHECKS=0 */;
/*!40101 SET @OLD_SQL_MODE=@@SQL_MODE, SQL_MODE='NO_AUTO_VALUE_ON_ZERO' */;
/*!40111 SET @OLD_SQL_NOTES=@@SQL_NOTES, SQL_NOTES=0 */;

--
-- Table structure for table `amenity`
--

DROP TABLE IF EXISTS `amenity`;
/*!40101 SET @saved_cs_client     = @@character_set_client */;
/*!40101 SET character_set_client = utf8 */;
CREATE TABLE `amenity` (
  `amenityID` int(11) NOT NULL,
  `amenityName` varchar(50) COLLATE utf8mb4_unicode_ci DEFAULT NULL,
  PRIMARY KEY (`amenityID`)
) ENGINE=InnoDB DEFAULT CHARSET=utf8mb4 COLLATE=utf8mb4_unicode_ci;
/*!40101 SET character_set_client = @saved_cs_client */;

--
-- Dumping data for table `amenity`
--

LOCK TABLES `amenity` WRITE;
/*!40000 ALTER TABLE `amenity` DISABLE KEYS */;
INSERT INTO `amenity` VALUES (0,'Elevator'),(1,'Free parking'),(2,'Kitchen'),(3,'Wifi'),(4,'Dryer'),(5,'TV'),(6,'AC');
/*!40000 ALTER TABLE `amenity` ENABLE KEYS */;
UNLOCK TABLES;

--
-- Table structure for table `billing`
--

DROP TABLE IF EXISTS `billing`;
/*!40101 SET @saved_cs_client     = @@character_set_client */;
/*!40101 SET character_set_client = utf8 */;
CREATE TABLE `billing` (
  `billingID` int(10) NOT NULL AUTO_INCREMENT,
  `cardNumber` varchar(20) COLLATE utf8mb4_unicode_ci NOT NULL,
  `address` varchar(45) COLLATE utf8mb4_unicode_ci NOT NULL,
  `city` varchar(45) COLLATE utf8mb4_unicode_ci NOT NULL,
  `state` char(2) COLLATE utf8mb4_unicode_ci NOT NULL,
  `zip` int(5) NOT NULL,
  `guestID` int(10) NOT NULL,
  PRIMARY KEY (`billingID`),
  KEY `guest2` (`guestID`),
  CONSTRAINT `guest2` FOREIGN KEY (`guestID`) REFERENCES `guest` (`guestID`) ON DELETE CASCADE ON UPDATE CASCADE
) ENGINE=InnoDB AUTO_INCREMENT=2 DEFAULT CHARSET=utf8mb4 COLLATE=utf8mb4_unicode_ci;
/*!40101 SET character_set_client = @saved_cs_client */;

--
-- Dumping data for table `billing`
--

LOCK TABLES `billing` WRITE;
/*!40000 ALTER TABLE `billing` DISABLE KEYS */;
INSERT INTO `billing` VALUES (1,'1234567890123456','123','123','12',12345,1);
/*!40000 ALTER TABLE `billing` ENABLE KEYS */;
UNLOCK TABLES;

--
-- Table structure for table `description`
--

DROP TABLE IF EXISTS `description`;
/*!40101 SET @saved_cs_client     = @@character_set_client */;
/*!40101 SET character_set_client = utf8 */;
CREATE TABLE `description` (
  `descriptionID` int(11) NOT NULL,
  `amenityCode` int(11) DEFAULT NULL,
  PRIMARY KEY (`descriptionID`)
) ENGINE=InnoDB DEFAULT CHARSET=utf8mb4 COLLATE=utf8mb4_unicode_ci;
/*!40101 SET character_set_client = @saved_cs_client */;

--
-- Dumping data for table `description`
--

LOCK TABLES `description` WRITE;
/*!40000 ALTER TABLE `description` DISABLE KEYS */;
INSERT INTO `description` VALUES (1,NULL);
/*!40000 ALTER TABLE `description` ENABLE KEYS */;
UNLOCK TABLES;

--
-- Table structure for table `guest`
--

DROP TABLE IF EXISTS `guest`;
/*!40101 SET @saved_cs_client     = @@character_set_client */;
/*!40101 SET character_set_client = utf8 */;
CREATE TABLE `guest` (
  `guestID` int(10) NOT NULL AUTO_INCREMENT,
  `name` varchar(45) COLLATE utf8mb4_unicode_ci NOT NULL,
  `email` varchar(45) COLLATE utf8mb4_unicode_ci NOT NULL,
  `password` varchar(256) COLLATE utf8mb4_unicode_ci NOT NULL,
  PRIMARY KEY (`guestID`),
  UNIQUE KEY `email` (`email`)
) ENGINE=InnoDB AUTO_INCREMENT=49 DEFAULT CHARSET=utf8mb4 COLLATE=utf8mb4_unicode_ci;
/*!40101 SET character_set_client = @saved_cs_client */;

--
-- Dumping data for table `guest`
--

LOCK TABLES `guest` WRITE;
/*!40000 ALTER TABLE `guest` DISABLE KEYS */;
INSERT INTO `guest` VALUES (1,'Lukasz','kukasz','ukasz'),(2,'Kasia','kasia@gmail.com','abc123'),(3,'Kasia','kasia1@gmail.com','abc123'),(4,'Kasia','kasia430@gmail.com','abc123'),(5,'Kasia','kasia147@gmail.com','abc123'),(6,'Kasia','kasia628@gmail.com','abc123'),(7,'Kasia','kasia700@gmail.com','abc123'),(8,'Kasia','kasia617@gmail.com','abc123'),(9,'Kasia','kasia984@gmail.com','abc123'),(10,'Kasia','kasia72@gmail.com','abc123'),(11,'Kasia','kasia410@gmail.com','abc123'),(12,'Kasia','kasia831@gmail.com','abc123'),(13,'Kasia','kasia925@gmail.com','abc123'),(14,'Kasia','kasia135@gmail.com','abc123'),(15,'Kasia','kasia900@gmail.com','abc123'),(16,'Kasia','kasia93@gmail.com','abc123'),(17,'Kasia','kasia769@gmail.com','abc123'),(18,'Kasia','kasia564@gmail.com','abc123'),(19,'Kasia','kasia515@gmail.com','abc123'),(20,'Kasia','kasia884@gmail.com','abc123'),(21,'Kasia','kasia876@gmail.com','abc123'),(22,'Kasia','kasia726@gmail.com','abc123'),(23,'Kasia','kasia5@gmail.com','abc123'),(24,'Kasia','kasia845@gmail.com','abc123'),(25,'Kasia','kasia214@gmail.com','abc123'),(26,'Kasia','kasia532@gmail.com','abc123'),(27,'Kasia','kasia20@gmail.com','abc123'),(28,'Kasia','kasia506@gmail.com','abc123'),(29,'Kasia','kasia468@gmail.com','abc123'),(30,'Kasia','kasia825@gmail.com','abc123'),(31,'Kasia','kasia720@gmail.com','abc123'),(32,'Kasia','kasia124@gmail.com','abc123'),(33,'Kasia','kasia461@gmail.com','abc123'),(34,'Kasia','kasia934@gmail.com','abc123'),(35,'Kasia','kasia286@gmail.com','abc123'),(36,'Kasia','kasia630@gmail.com','abc123'),(37,'Kasia','kasia294@gmail.com','abc123'),(38,'Kasia','kasia579@gmail.com','abc123'),(39,'Kasia','kasia14@gmail.com','abc123'),(40,'Kasia','kasia332@gmail.com','abc123'),(41,'Kasia','kasia621@gmail.com','abc123'),(42,'Kasia','kasia110@gmail.com','abc123'),(43,'Kasia','kasia685@gmail.com','abc123'),(44,'Kasia','kasia96@gmail.com','abc123'),(45,'Kasia','kasia425@gmail.com','abc123'),(46,'Kasia','kasia838@gmail.com','abc123'),(47,'Kasia','kasia918@gmail.com','abc123'),(48,'Kasia','kasia73@gmail.com','abc123');
/*!40000 ALTER TABLE `guest` ENABLE KEYS */;
UNLOCK TABLES;

--
-- Table structure for table `hotel`
--

DROP TABLE IF EXISTS `hotel`;
/*!40101 SET @saved_cs_client     = @@character_set_client */;
/*!40101 SET character_set_client = utf8 */;
CREATE TABLE `hotel` (
  `hotelID` int(10) NOT NULL,
  `name` varchar(50) COLLATE utf8mb4_unicode_ci NOT NULL,
  `phone` varchar(14) COLLATE utf8mb4_unicode_ci DEFAULT NULL,
  `address` varchar(100) COLLATE utf8mb4_unicode_ci NOT NULL,
  `city` varchar(45) COLLATE utf8mb4_unicode_ci NOT NULL,
  `state` char(2) COLLATE utf8mb4_unicode_ci NOT NULL,
  `zip` int(5) NOT NULL,
  PRIMARY KEY (`hotelID`)
) ENGINE=InnoDB DEFAULT CHARSET=utf8mb4 COLLATE=utf8mb4_unicode_ci;
/*!40101 SET character_set_client = @saved_cs_client */;

--
-- Dumping data for table `hotel`
--

LOCK TABLES `hotel` WRITE;
/*!40000 ALTER TABLE `hotel` DISABLE KEYS */;
INSERT INTO `hotel` VALUES (1,'one','1234567890','123','123','CA',12345),(2,'De Anza Hotel','(408) 286-1000','233 W Santa Clara St','San Jose','CA',95113),(3,'San Jose Marriott','(408) 280-1300','301 S Market St','San Jose','CA',95113),(4,'Fairmont San Jose','(408) 998-1900','170 S Market St','San Jose','CA',95113);
/*!40000 ALTER TABLE `hotel` ENABLE KEYS */;
UNLOCK TABLES;

--
-- Table structure for table `reservation`
--

DROP TABLE IF EXISTS `reservation`;
/*!40101 SET @saved_cs_client     = @@character_set_client */;
/*!40101 SET character_set_client = utf8 */;
CREATE TABLE `reservation` (
  `reservationID` int(10) NOT NULL AUTO_INCREMENT,
  `startDate` date NOT NULL,
  `endDate` date NOT NULL,
  `roomID` int(10) NOT NULL,
  `guestID` int(10) NOT NULL,
  PRIMARY KEY (`reservationID`),
  KEY `roomID` (`roomID`),
  KEY `guest` (`guestID`),
  CONSTRAINT `guest` FOREIGN KEY (`guestID`) REFERENCES `guest` (`guestID`) ON UPDATE CASCADE,
  CONSTRAINT `reservation_ibfk_1` FOREIGN KEY (`roomID`) REFERENCES `room` (`roomID`)
) ENGINE=InnoDB AUTO_INCREMENT=713 DEFAULT CHARSET=utf8mb4 COLLATE=utf8mb4_unicode_ci;
/*!40101 SET character_set_client = @saved_cs_client */;

--
-- Dumping data for table `reservation`
--

LOCK TABLES `reservation` WRITE;
/*!40000 ALTER TABLE `reservation` DISABLE KEYS */;
INSERT INTO `reservation` VALUES (4,'2018-06-22','2018-06-24',1,1),(20,'3890-12-15','3899-04-27',4961,31),(25,'3892-06-26','3909-01-11',4,21),(27,'3874-12-24','3909-06-13',80,1),(28,'3888-12-19','3890-05-21',7103,11),(35,'3884-07-14','3908-07-26',5272,21),(39,'3883-01-12','3897-08-20',9879,41),(49,'3893-09-03','3910-04-04',2420,11),(58,'3869-05-30','3903-11-11',3472,1),(68,'3879-03-15','3885-08-31',6,1),(77,'3882-07-29','3888-12-02',7874,11),(92,'3888-03-04','3901-08-01',5149,1),(96,'3875-10-14','3906-10-01',4104,1),(100,'3870-10-25','3892-01-21',3414,31),(120,'3876-12-28','3880-03-02',4,1),(122,'3880-10-31','3904-07-15',3472,31),(128,'3869-11-07','3887-07-28',55,21),(134,'3877-03-10','3889-01-24',2632,21),(138,'3877-08-11','3908-07-06',50,31),(161,'3875-08-12','3902-04-30',757,1),(179,'3901-12-25','3902-05-17',7155,21),(192,'3908-09-29','3912-06-16',9,31),(197,'3874-11-13','3902-06-17',96,11),(200,'3878-01-18','3912-03-15',5438,31),(218,'3967-06-14','5874-09-02',5279,41),(221,'3950-08-23','5928-08-31',8140,21),(239,'3893-08-04','5852-10-21',8112,21),(271,'3889-11-23','5916-11-11',1347,41),(275,'3944-06-27','5867-01-10',5250,11),(284,'3873-07-18','5846-03-08',3580,21),(295,'3897-10-31','5877-05-05',4,11),(304,'3916-03-14','5863-04-29',8277,31),(307,'3932-12-22','5910-05-18',7048,31),(311,'3904-05-26','5869-11-28',50,21),(325,'3925-02-26','5884-04-27',2129,31),(348,'3885-05-06','5869-09-25',3720,11),(352,'3903-04-14','5887-11-20',757,21),(353,'3908-06-24','5891-08-19',4104,1),(358,'3923-09-29','5853-09-21',2297,21),(369,'3876-02-17','5930-09-16',9194,11),(396,'3909-08-30','5896-12-17',2679,21),(403,'3885-01-03','5902-09-12',85,31),(405,'3917-01-23','3918-07-20',7103,34),(406,'3883-04-27','3917-06-22',8480,3),(407,'3903-04-10','3904-12-21',7819,4),(408,'3911-07-01','3917-12-23',7048,43),(409,'3890-02-19','3894-11-22',2420,23),(410,'3890-07-28','3900-08-21',2297,3),(411,'3886-01-08','3889-12-15',67,24),(412,'3869-09-15','3876-03-14',7874,32),(413,'3881-08-31','3891-03-16',5647,27),(414,'3878-11-30','3906-10-03',7628,1),(415,'3905-10-13','3916-08-21',6602,12),(416,'3888-02-02','3899-02-02',7155,11),(417,'3869-08-13','3870-09-17',4932,27),(418,'3871-02-15','3896-04-23',0,22),(419,'3876-11-26','3892-01-22',558,5),(420,'3887-05-31','3907-10-25',5037,1),(421,'3907-02-06','3909-03-07',4104,38),(422,'3876-05-13','3909-03-23',9194,48),(423,'3882-10-16','3901-02-18',2679,40),(424,'3876-05-28','3884-01-10',7048,33),(425,'3873-12-02','3909-09-13',5,22),(426,'3874-07-04','3904-08-25',3765,42),(427,'3869-09-25','3888-02-17',80,46),(428,'3872-01-07','3906-01-03',5149,35),(429,'3891-01-20','3892-08-19',5647,29),(430,'3884-12-22','3911-09-05',5279,43),(431,'3871-10-10','3896-12-19',3,24),(432,'3874-09-02','3884-10-20',7628,3),(433,'3885-01-19','3893-04-09',5,15),(434,'3871-07-17','3916-05-18',8351,6),(435,'3895-12-18','3904-08-06',9130,47),(436,'3898-06-11','3909-10-21',55,43),(437,'3880-07-05','3893-11-07',5,42),(438,'3886-02-04','3891-08-02',5037,20),(439,'3889-09-13','3900-07-14',6951,8),(440,'3881-08-20','3905-11-17',3,4),(441,'3885-01-01','3903-12-07',7426,7),(442,'3902-02-01','3911-08-24',2679,21),(443,'3883-08-11','3890-11-02',1110,30),(444,'3873-04-17','3902-05-20',9,27),(445,'3882-08-03','3906-03-03',85,36),(446,'3912-09-01','3916-03-01',5438,32),(447,'3890-11-19','3911-06-23',7155,23),(448,'3877-07-11','3910-11-16',5963,32),(449,'3883-06-20','3915-02-09',5149,26),(450,'3891-11-20','3909-09-21',1110,2),(451,'3884-05-11','3896-04-28',52,4),(452,'3895-08-15','3897-05-03',96,40),(453,'3890-12-03','3908-03-31',5279,5),(454,'3884-08-27','3912-02-10',1,25),(455,'3886-04-20','3903-07-07',5250,16),(456,'3871-11-20','3904-11-05',6798,25),(457,'3883-06-26','3899-06-10',757,43),(458,'3876-05-07','3901-04-23',2297,10),(459,'3890-04-29','3905-12-23',2993,14),(460,'3882-11-20','3908-11-04',2420,34),(461,'3871-12-24','3900-09-13',8277,41),(462,'3900-09-01','3912-06-01',2632,14),(463,'3892-04-27','3892-11-23',5272,15),(464,'3904-07-17','3906-06-01',64,5),(465,'3877-07-30','3892-02-04',52,2),(466,'3910-08-17','3916-12-18',85,21),(467,'3880-01-01','3891-05-02',85,15),(468,'3876-07-31','3886-12-27',4124,18),(469,'3902-03-02','3913-09-20',757,36),(470,'3883-09-11','3908-09-06',52,37),(471,'3871-06-16','3888-04-19',8480,27),(472,'3878-06-22','3909-10-07',7426,4),(473,'3894-11-03','3897-02-17',3765,45),(474,'3910-03-09','3910-04-21',6,8),(475,'3873-10-12','3916-01-15',20,46),(476,'3909-02-19','3913-10-19',8351,5),(477,'3888-11-19','3900-09-07',7819,13),(478,'3908-05-22','3915-08-03',9879,33),(479,'3871-08-13','3887-06-18',1110,5),(480,'3879-02-12','3907-03-15',67,13),(481,'3891-11-09','3904-02-26',7155,31),(482,'3889-06-23','3912-07-17',2297,32),(483,'3885-10-15','3915-05-06',8112,17),(484,'3892-06-24','3910-06-28',9,3),(485,'3886-05-22','3899-07-20',7628,32),(486,'3871-03-18','3880-05-13',1994,10),(487,'3875-11-30','3903-06-09',8480,43),(488,'3877-04-29','3901-06-22',9130,40),(489,'3869-04-20','3872-11-30',8277,6),(490,'3891-10-01','3899-02-20',4961,39),(491,'3871-04-24','3910-12-03',3482,5),(492,'3870-10-08','3886-07-04',3720,21),(493,'3895-11-19','3913-01-27',9879,22),(494,'3871-07-30','3874-10-08',9296,22),(495,'3875-02-15','3895-12-06',7704,14),(496,'3884-03-01','3907-09-10',4961,24),(497,'3889-03-08','3913-04-30',3482,33),(498,'3870-03-08','3909-11-17',4961,36),(499,'3897-12-23','3904-03-02',7048,10),(500,'1908-11-10','1923-06-07',5250,8),(501,'1916-08-22','1935-05-17',20,46),(502,'1911-04-04','1931-03-03',6,3),(503,'1926-06-12','1950-01-16',6798,14),(504,'1900-11-04','1921-07-08',2129,6),(505,'1906-04-09','1932-03-03',6951,13),(506,'1926-12-01','1936-07-21',9296,14),(507,'1916-05-07','1922-12-27',8277,38),(508,'1942-09-26','1949-03-26',7103,24),(509,'1914-07-24','1935-12-12',80,34),(510,'1906-08-14','1915-06-21',3910,26),(511,'1916-12-28','1931-11-14',9879,12),(512,'1917-07-17','1940-05-07',5647,20),(513,'1900-02-15','1904-06-07',3910,34),(514,'1901-06-21','1919-11-09',1475,15),(515,'1904-03-03','1927-08-13',9194,10),(516,'1911-05-30','1917-01-25',5963,18),(517,'1929-08-07','1943-02-08',85,35),(518,'1900-09-29','1949-09-23',3,28),(519,'1919-09-09','1927-10-09',3765,39),(520,'1920-04-03','1920-06-26',3580,19),(521,'1900-04-27','1938-03-08',3482,19),(522,'1910-09-21','1929-05-01',6,43),(523,'1911-05-14','1927-11-30',67,15),(524,'1909-08-03','1941-12-08',8140,17),(525,'1910-05-09','1914-01-08',61,26),(526,'1900-05-21','1947-04-26',3580,13),(527,'1916-01-13','1938-11-08',2504,40),(528,'1912-09-20','1937-02-23',50,33),(529,'1924-08-23','1936-10-29',0,43),(530,'1927-04-21','1931-03-11',7958,6),(531,'1930-12-15','1942-02-26',7103,4),(532,'1937-04-12','1941-11-27',1994,10),(533,'1932-01-30','1940-12-29',3910,23),(534,'1900-10-27','1908-10-22',1475,9),(535,'1911-10-01','1947-04-13',3482,36),(536,'1914-06-27','1932-02-23',8351,47),(537,'1906-02-16','1923-05-02',4,42),(538,'1909-01-25','1927-02-01',3765,1),(539,'1918-05-29','1938-05-07',4104,41),(540,'1928-07-01','1946-09-03',79,1),(541,'1906-11-14','1915-03-31',1110,35),(542,'1900-03-11','1944-04-19',1994,4),(543,'1920-08-29','1940-07-09',52,14),(544,'1909-06-19','1909-07-26',2297,48),(545,'1911-12-13','1941-02-18',50,16),(546,'1900-06-30','1941-05-29',80,37),(547,'1905-03-01','1920-12-27',757,9),(548,'1927-04-10','1944-10-18',85,35),(549,'1931-02-01','1935-11-17',2504,23),(550,'1902-04-18','1931-11-26',9879,21),(551,'1926-12-16','1933-09-08',2504,23),(552,'1922-07-15','1930-09-11',7426,20),(553,'1931-05-02','1942-06-01',9194,16),(554,'1915-12-26','1932-06-13',8480,16),(555,'1919-09-01','1943-09-03',67,5),(556,'1922-12-26','1942-04-03',3720,26),(557,'1905-02-22','1946-06-20',7155,8),(558,'1917-06-14','1944-08-15',85,47),(559,'1916-03-15','1925-02-05',5037,19),(560,'1906-11-12','1910-09-01',2632,17),(561,'1909-03-27','1939-03-25',8277,29),(562,'1911-11-25','1925-01-04',1392,21),(563,'1902-11-15','1907-04-28',3580,29),(564,'1918-05-22','1940-01-08',8351,4),(565,'1924-12-23','1947-07-24',7426,48),(566,'1914-01-25','1948-06-24',6798,19),(567,'1919-12-15','1922-04-03',7048,9),(568,'1903-01-08','1939-06-30',8277,40),(569,'1912-03-15','1929-11-14',7103,48),(570,'1931-12-03','1945-03-11',68,36),(571,'1925-12-16','1930-09-04',2504,44),(572,'1937-09-08','1937-09-23',85,16),(573,'1920-03-01','1929-11-27',1,9),(574,'1918-11-18','1935-09-27',3,28),(575,'1912-01-07','1919-05-28',3720,15),(576,'1906-03-07','1944-10-01',50,13),(577,'1900-10-04','1910-07-18',7,27),(578,'1900-02-15','1910-01-08',4104,24),(579,'1943-08-11','1944-09-01',7,27),(580,'1916-10-25','1923-09-28',1475,32),(581,'1919-08-12','1949-05-01',9296,16),(582,'1931-01-26','1947-11-12',96,33),(583,'1922-06-08','1924-11-26',3414,23),(584,'1903-12-31','1942-11-19',5250,44),(585,'1911-01-26','1946-06-02',7103,6),(586,'1927-08-12','1931-08-13',4932,33),(587,'1932-01-04','1933-06-17',2129,31),(588,'1911-03-28','1919-10-06',8480,44),(589,'1920-09-06','1941-11-14',52,46),(590,'1904-12-23','1905-06-10',0,41),(591,'1902-08-15','1910-05-08',61,44),(592,'1910-06-28','1927-06-26',2632,7),(593,'1909-11-15','1915-08-16',7704,20),(594,'1921-06-18','1934-10-12',2,10),(595,'1901-03-05','1931-04-30',558,12),(596,'1922-02-26','1948-12-15',8351,3),(597,'1946-02-04','1949-03-31',5037,13),(598,'1916-06-26','1946-11-24',5272,9),(599,'1940-10-01','1945-02-08',5,12),(600,'1917-12-20','1944-09-04',1893,38),(601,'1920-04-21','1949-02-19',50,22),(602,'1900-04-03','1928-08-28',50,41),(603,'1902-10-04','1933-11-25',6798,19),(604,'1905-10-08','1930-12-27',1110,35),(605,'1929-02-13','1935-02-19',6602,9),(606,'1907-04-22','1911-12-03',68,45),(607,'1922-06-21','1935-03-06',1392,25),(608,'1901-04-15','1911-01-24',2632,24),(609,'1915-04-05','1923-08-20',2129,28),(610,'1908-11-05','1928-02-28',8140,25),(611,'1933-12-01','1946-04-23',4961,45),(612,'1923-12-03','1938-12-23',68,8),(613,'1913-11-19','1928-06-28',7426,26),(614,'1911-09-14','1947-11-23',4,48),(615,'1918-02-14','1937-04-08',9296,2),(616,'1904-05-10','1915-09-05',4124,33),(617,'1920-02-18','1944-05-25',52,30),(618,'1914-02-20','1948-10-10',558,44),(619,'1910-10-14','1922-10-20',5037,16),(620,'1911-07-15','1911-12-13',4,24),(621,'1926-09-03','1938-07-22',67,7),(622,'1904-04-06','1928-08-19',5149,19),(623,'1917-02-20','1923-08-02',68,35),(624,'1900-08-14','1939-11-02',5438,36),(625,'1908-01-12','1927-04-21',8277,27),(626,'1934-03-29','1946-04-03',3910,21),(627,'9917-04-20','1940-12-26',6,12),(628,'9900-09-12','1905-10-10',20,48),(629,'7148-10-14','1907-08-06',67,5),(630,'5336-04-26','1912-07-05',8140,22),(631,'7877-05-23','1933-03-18',67,45),(632,'6712-04-21','1948-04-05',5,4),(633,'2672-09-04','1937-11-23',3472,11),(634,'9050-07-24','1927-12-27',5438,47),(635,'9108-10-30','1947-02-12',2993,26),(636,'9163-03-03','1939-05-23',4124,45),(637,'1235-03-11','1921-12-30',4,36),(638,'7048-09-28','1926-03-31',3910,48),(639,'0938-10-07','1911-10-09',4124,35),(640,'5093-02-19','1910-09-09',67,23),(641,'9360-10-08','1942-04-30',1994,27),(642,'8269-03-07','1920-03-12',80,13),(643,'7745-02-17','1915-08-08',4104,3),(644,'1219-07-28','1933-02-25',2632,19),(645,'9188-07-29','1926-10-07',558,15),(646,'7745-05-26','1914-06-20',1392,35),(647,'4461-07-29','1904-09-28',5037,15),(648,'8428-07-18','1936-04-29',4104,32),(649,'4720-01-15','1922-11-19',6602,2),(650,'7206-06-23','1903-01-06',3,15),(651,'9564-04-20','1922-09-04',5250,13),(652,'7036-08-10','1938-04-18',6951,34),(653,'4102-06-22','1931-07-29',2632,45),(654,'1856-01-01','1941-04-11',55,20),(655,'8001-05-26','1913-09-06',4723,47),(656,'1629-07-28','1910-04-09',5438,36),(657,'3200-12-19','1943-04-24',5647,23),(658,'9721-02-10','1945-10-02',8112,6),(659,'2201-07-31','1945-01-28',8112,13),(660,'3352-03-21','1900-07-07',7986,8),(661,'6111-03-07','1918-03-17',5963,47),(662,'7877-09-10','1919-03-16',7628,20),(663,'1636-08-07','1927-04-08',3,36),(664,'2889-08-03','1906-07-01',3910,47),(665,'7462-08-12','1946-04-11',3720,47),(666,'4472-12-25','1901-06-02',7048,20),(667,'9485-12-27','1927-10-13',79,40),(668,'6857-10-18','1908-09-12',5149,47),(669,'9922-01-25','1930-10-08',3,6),(670,'9656-04-11','1903-07-18',2,37),(671,'8676-01-16','1946-11-30',757,45),(672,'5186-02-05','1910-02-26',7628,48),(673,'4126-01-09','1940-01-03',2420,19),(674,'5766-01-27','1925-10-23',9296,39),(675,'7888-05-10','1919-08-08',6798,14),(676,'3655-11-30','1911-09-03',4,36),(677,'5238-09-12','1920-09-07',2420,8),(678,'2500-10-22','1931-05-06',8112,29),(679,'0978-04-09','1913-10-10',196,40),(680,'4086-07-19','1907-11-07',91,38),(681,'2900-01-19','1908-09-24',5037,24),(682,'4952-01-30','1949-08-23',3472,24),(683,'3121-07-30','1947-12-01',96,4),(684,'8169-01-22','1923-12-09',2420,10),(685,'9663-10-24','1933-05-01',85,22),(686,'1725-07-30','1948-01-29',3765,34),(687,'2849-11-02','1919-08-22',8480,46),(688,'7580-07-23','1924-03-21',5037,22),(689,'9249-05-04','1917-10-29',2632,31),(690,'3193-01-08','1912-01-20',61,34),(691,'1505-05-29','1934-06-21',6,40),(692,'9257-09-07','1935-03-06',2632,16),(693,'4430-12-15','1935-09-14',558,6),(694,'8804-06-15','1906-09-10',0,21),(695,'7711-05-28','1947-05-04',7,14),(696,'4596-03-31','1900-08-07',3,39),(697,'6153-07-12','1901-03-09',2632,23),(698,'9178-07-30','1913-07-25',6,29),(699,'6115-09-01','1918-08-23',1475,38),(700,'9027-11-01','1924-06-30',1994,36),(701,'2004-03-21','1913-04-05',7628,16),(702,'5084-12-04','1915-09-11',8112,2),(703,'2526-04-16','1943-02-19',7,44),(704,'4194-12-11','1939-05-07',7819,19),(705,'4739-06-21','1912-06-23',80,18),(706,'4314-07-31','1909-07-08',196,34),(707,'2900-11-14','1906-04-26',5647,47),(708,'2596-05-28','1904-03-09',8480,1),(709,'5073-09-19','1918-11-14',5279,9),(710,'8430-08-10','1933-03-01',6,25),(711,'3705-11-05','1925-09-22',757,32),(712,'7660-11-08','1938-05-13',2129,1);
/*!40000 ALTER TABLE `reservation` ENABLE KEYS */;
UNLOCK TABLES;

--
-- Table structure for table `room`
--

DROP TABLE IF EXISTS `room`;
/*!40101 SET @saved_cs_client     = @@character_set_client */;
/*!40101 SET character_set_client = utf8 */;
CREATE TABLE `room` (
  `roomID` int(10) NOT NULL,
  `roomNumber` int(10) NOT NULL,
  `rate` decimal(6,2) DEFAULT NULL,
  `hotelID` int(10) DEFAULT NULL,
  `amenityID` int(11) DEFAULT NULL,
  PRIMARY KEY (`roomID`),
  KEY `deleteRoom` (`hotelID`),
  KEY `amenityForeignKey` (`amenityID`),
  CONSTRAINT `amenityForeignKey` FOREIGN KEY (`amenityID`) REFERENCES `amenity` (`amenityID`) ON DELETE CASCADE ON UPDATE CASCADE,
  CONSTRAINT `deleteRoom` FOREIGN KEY (`hotelID`) REFERENCES `hotel` (`hotelID`) ON DELETE CASCADE
) ENGINE=InnoDB DEFAULT CHARSET=utf8mb4 COLLATE=utf8mb4_unicode_ci;
/*!40101 SET character_set_client = @saved_cs_client */;

--
-- Dumping data for table `room`
--

LOCK TABLES `room` WRITE;
/*!40000 ALTER TABLE `room` DISABLE KEYS */;
INSERT INTO `room` VALUES (0,28,42.00,2,0),(1,1,69.99,1,0),(2,2,70.00,1,0),(3,3,80.00,1,0),(4,4,100.00,1,0),(5,1,68.00,2,0),(6,44,2.00,4,0),(7,75,53.00,2,0),(9,24,96.00,1,0),(20,91,94.00,4,0),(50,74,22.00,4,0),(52,53,9.00,4,0),(55,36,14.00,3,0),(61,87,53.00,1,0),(64,5,34.00,3,0),(67,77,84.00,4,0),(68,56,79.00,2,0),(79,14,32.00,1,0),(80,31,14.00,4,0),(85,28,88.00,3,0),(91,15,6.00,4,0),(96,37,97.00,4,0),(196,78,88.00,1,0),(558,40,85.00,1,0),(757,81,86.00,4,0),(1110,84,91.00,1,0),(1347,28,2.00,2,0),(1392,27,97.00,1,0),(1475,42,69.00,1,0),(1893,80,47.00,4,0),(1978,96,24.00,2,0),(1994,50,93.00,1,0),(2129,94,8.00,3,0),(2297,34,1.00,1,0),(2420,8,70.00,2,0),(2504,45,53.00,2,0),(2632,52,82.00,3,0),(2679,84,40.00,2,0),(2993,35,90.00,2,0),(3414,84,20.00,2,0),(3472,3,15.00,3,0),(3482,76,78.00,3,0),(3580,73,58.00,3,0),(3720,48,30.00,1,0),(3765,40,87.00,1,0),(3910,67,20.00,4,0),(4104,78,69.00,1,0),(4124,55,55.00,1,0),(4723,11,17.00,3,0),(4932,15,31.00,1,0),(4961,79,49.00,1,0),(5037,29,98.00,1,0),(5149,31,0.00,1,0),(5250,25,71.00,4,0),(5272,63,59.00,1,0),(5279,45,69.00,1,0),(5438,53,5.00,3,0),(5647,69,79.00,4,0),(5963,96,4.00,2,0),(6602,74,74.00,2,0),(6798,23,14.00,1,0),(6951,67,31.00,3,0),(7048,6,19.00,4,0),(7103,97,73.00,3,0),(7155,48,25.00,4,0),(7426,91,32.00,4,0),(7628,61,79.00,1,0),(7704,97,57.00,4,0),(7819,47,3.00,3,0),(7874,67,98.00,4,0),(7958,2,73.00,3,0),(7986,8,0.00,4,0),(8112,92,18.00,1,0),(8140,53,24.00,3,0),(8277,34,22.00,1,0),(8351,78,44.00,4,0),(8480,40,47.00,1,0),(9130,20,28.00,4,0),(9194,23,41.00,2,0),(9296,9,66.00,1,0),(9879,97,92.00,3,0);
/*!40000 ALTER TABLE `room` ENABLE KEYS */;
UNLOCK TABLES;
/*!40103 SET TIME_ZONE=@OLD_TIME_ZONE */;

/*!40101 SET SQL_MODE=@OLD_SQL_MODE */;
/*!40014 SET FOREIGN_KEY_CHECKS=@OLD_FOREIGN_KEY_CHECKS */;
/*!40014 SET UNIQUE_CHECKS=@OLD_UNIQUE_CHECKS */;
/*!40101 SET CHARACTER_SET_CLIENT=@OLD_CHARACTER_SET_CLIENT */;
/*!40101 SET CHARACTER_SET_RESULTS=@OLD_CHARACTER_SET_RESULTS */;
/*!40101 SET COLLATION_CONNECTION=@OLD_COLLATION_CONNECTION */;
/*!40111 SET SQL_NOTES=@OLD_SQL_NOTES */;

-- Dump completed on 2018-12-08 15:41:53
